Cod_Transacao,Produto,Quantidade,Preço Unitário,Valor Total,Forma de Pagamento,Tipo de Consumo,Data da Transação,Origem,Hora da Transação,Cod_Loja,Localizacao_Loja,Cod_Produto,Categoria do Produto,Tipo do Produto,Detalhe do Produto,valor_imputado,is_valid,quality_issues
TXN_3051279,SANDWICH,2,4.00,8.00,CREDIT CARD,TAKEAWAY,,CSV_DIRTY_CAFE_SALES,,,,,,,,False,False,['data_ausente']
TXN_7640952,CAKE,4,3.00,12.00,DIGITAL WALLET,TAKEAWAY,,CSV_DIRTY_CAFE_SALES,,,,,,,,False,False,['data_ausente']
TXN_7710508,N/A,5,1.00,5.00,CASH,N/A,,CSV_DIRTY_CAFE_SALES,,,,,,,,False,False,['data_ausente']
TXN_2091733,SALAD,1,5.00,5.00,N/A,IN-STORE,,CSV_DIRTY_CAFE_SALES,,,,,,,,False,False,['data_ausente']
TXN_7028009,CAKE,4,3.00,12.00,N/A,TAKEAWAY,,CSV_DIRTY_CAFE_SALES,,,,,,,,False,False,['data_ausente']
TXN_7447872,JUICE,2,,6.00,N/A,N/A,,CSV_DIRTY_CAFE_SALES,,,,,,,,True,False,['data_ausente']
TXN_1001832,SALAD,2,5.00,10.00,CASH,TAKEAWAY,,CSV_DIRTY_CAFE_SALES,,,,,,,,False,False,['data_ausente']
TXN_7943008,COFFEE,1,2.00,2.00,CREDIT CARD,N/A,,CSV_DIRTY_CAFE_SALES,,,,,,,,False,False,['data_ausente']
TXN_1093800,SANDWICH,3,4.00,12.00,CASH,TAKEAWAY,,CSV_DIRTY_CAFE_SALES,,,,,,,,False,False,['data_ausente']
TXN_6463132,COOKIE,5,1.00,5.00,CREDIT CARD,TAKEAWAY,,CSV_DIRTY_CAFE_SALES,,,,,,,,False,False,['data_ausente']
TXN_4129248,SANDWICH,2,4.00,8.00,CREDIT CARD,N/A,,CSV_DIRTY_CAFE_SALES,,,,,,,,False,False,['data_ausente']
TXN_5761073,COOKIE,1,1.00,1.00,CASH,IN-STORE,,CSV_DIRTY_CAFE_SALES,,,,,,,,False,False,['data_ausente']
TXN_1908636,TEA,2,1.50,3.00,N/A,N/A,,CSV_DIRTY_CAFE_SALES,,,,,,,,False,False,['data_ausente']
TXN_7549542,COOKIE,5,1.00,5.00,N/A,TAKEAWAY,,CSV_DIRTY_CAFE_SALES,,,,,,,,False,False,['data_ausente']
TXN_5003018,COOKIE,4,1.00,4.00,DIGITAL WALLET,N/A,,CSV_DIRTY_CAFE_SALES,,,,,,,,False,False,['data_ausente']
TXN_7550498,JUICE,5,3.00,15.00,N/A,IN-STORE,,CSV_DIRTY_CAFE_SALES,,,,,,,,False,False,['data_ausente']
TXN_1623966,TEA,2,1.50,3.00,CASH,TAKEAWAY,,CSV_DIRTY_CAFE_SALES,,,,,,,,False,False,['data_ausente']
TXN_1260335,COOKIE,4,1.00,4.00,DIGITAL WALLET,IN-STORE,,CSV_DIRTY_CAFE_SALES,,,,,,,,False,False,['data_ausente']
TXN_1726858,SMOOTHIE,3,4.00,12.00,CASH,IN-STORE,,CSV_DIRTY_CAFE_SALES,,,,,,,,False,False,['data_ausente']
TXN_8894157,SANDWICH,4,4.00,16.00,CREDIT CARD,N/A,,CSV_DIRTY_CAFE_SALES,,,,,,,,False,False,['data_ausente']
TXN_8751516,TEA,3,1.50,4.50,CASH,TAKEAWAY,,CSV_DIRTY_CAFE_SALES,,,,,,,,False,False,['data_ausente']
TXN_3665733,COFFEE,5,2.00,10.00,CASH,TAKEAWAY,,CSV_DIRTY_CAFE_SALES,,,,,,,,False,False,['data_ausente']
TXN_3229758,COFFEE,4,2.00,8.00,CASH,TAKEAWAY,,CSV_DIRTY_CAFE_SALES,,,,,,,,False,False,['data_ausente']
TXN_4619029,SANDWICH,3,4.00,12.00,CREDIT CARD,IN-STORE,,CSV_DIRTY_CAFE_SALES,,,,,,,,False,False,['data_ausente']
TXN_4796350,N/A,,4.00,12.00,N/A,TAKEAWAY,,CSV_DIRTY_CAFE_SALES,,,,,,,,True,False,['data_ausente']
TXN_8805984,JUICE,2,3.00,6.00,CREDIT CARD,TAKEAWAY,,CSV_DIRTY_CAFE_SALES,,,,,,,,False,False,['data_ausente']
TXN_7817014,COOKIE,1,1.00,1.00,DIGITAL WALLET,TAKEAWAY,,CSV_DIRTY_CAFE_SALES,,,,,,,,False,False,['data_ausente']
TXN_1485417,COOKIE,3,1.00,3.00,CASH,IN-STORE,,CSV_DIRTY_CAFE_SALES,,,,,,,,False,False,['data_ausente']
TXN_9762324,CAKE,2,3.00,6.00,CASH,IN-STORE,,CSV_DIRTY_CAFE_SALES,,,,,,,,False,False,['data_ausente']
TXN_1628509,SMOOTHIE,5,4.00,20.00,N/A,TAKEAWAY,,CSV_DIRTY_CAFE_SALES,,,,,,,,False,False,['data_ausente']
TXN_5898743,JUICE,4,3.00,12.00,N/A,TAKEAWAY,,CSV_DIRTY_CAFE_SALES,,,,,,,,False,False,['data_ausente']
TXN_3791639,N/A,4,3.00,12.00,DIGITAL WALLET,N/A,,CSV_DIRTY_CAFE_SALES,,,,,,,,False,False,['data_ausente']
TXN_4152036,N/A,,3.00,6.00,CASH,N/A,,CSV_DIRTY_CAFE_SALES,,,,,,,,True,False,['data_ausente']
TXN_3810451,JUICE,4,3.00,12.00,N/A,N/A,,CSV_DIRTY_CAFE_SALES,,,,,,,,False,False,['data_ausente']
TXN_2744907,SALAD,2,5.00,10.00,DIGITAL WALLET,N/A,,CSV_DIRTY_CAFE_SALES,,,,,,,,False,False,['data_ausente']
TXN_8298311,TEA,2,1.50,3.00,DIGITAL WALLET,IN-STORE,,CSV_DIRTY_CAFE_SALES,,,,,,,,False,False,['data_ausente']
TXN_6744866,TEA,4,1.50,6.00,N/A,TAKEAWAY,,CSV_DIRTY_CAFE_SALES,,,,,,,,False,False,['data_ausente']
TXN_8764825,SMOOTHIE,3,4.00,12.00,CASH,N/A,,CSV_DIRTY_CAFE_SALES,,,,,,,,False,False,['data_ausente']
TXN_9349962,N/A,4,4.00,16.00,N/A,IN-STORE,,CSV_DIRTY_CAFE_SALES,,,,,,,,False,False,['data_ausente']
TXN_3946544,CAKE,5,3.00,15.00,CREDIT CARD,N/A,,CSV_DIRTY_CAFE_SALES,,,,,,,,False,False,['data_ausente']
TXN_6868049,JUICE,5,3.00,15.00,DIGITAL WALLET,N/A,,CSV_DIRTY_CAFE_SALES,,,,,,,,False,False,['data_ausente']
TXN_3477767,COOKIE,3,,3.00,DIGITAL WALLET,N/A,,CSV_DIRTY_CAFE_SALES,,,,,,,,True,False,['data_ausente']
TXN_1932897,COOKIE,1,1.00,1.00,N/A,TAKEAWAY,,CSV_DIRTY_CAFE_SALES,,,,,,,,False,False,['data_ausente']
TXN_8167279,SALAD,5,5.00,25.00,N/A,IN-STORE,,CSV_DIRTY_CAFE_SALES,,,,,,,,False,False,['data_ausente']
TXN_2004851,SALAD,5,5.00,25.00,CREDIT CARD,N/A,,CSV_DIRTY_CAFE_SALES,,,,,,,,False,False,['data_ausente']
TXN_6916047,COFFEE,2,2.00,4.00,DIGITAL WALLET,IN-STORE,,CSV_DIRTY_CAFE_SALES,,,,,,,,False,False,['data_ausente']
TXN_4809497,TEA,4,1.50,6.00,CASH,IN-STORE,,CSV_DIRTY_CAFE_SALES,,,,,,,,False,False,['data_ausente']
TXN_4637016,SALAD,3,5.00,15.00,CREDIT CARD,IN-STORE,,CSV_DIRTY_CAFE_SALES,,,,,,,,False,False,['data_ausente']
TXN_3172751,JUICE,5,3.00,15.00,CREDIT CARD,N/A,,CSV_DIRTY_CAFE_SALES,,,,,,,,False,False,['data_ausente']
TXN_9658677,CAKE,,3.00,12.00,CASH,TAKEAWAY,,CSV_DIRTY_CAFE_SALES,,,,,,,,True,False,['data_ausente']
TXN_9402247,SALAD,3,,15.00,DIGITAL WALLET,N/A,,CSV_DIRTY_CAFE_SALES,,,,,,,,True,False,['data_ausente']
TXN_8868960,SALAD,5,5.00,25.00,N/A,N/A,,CSV_DIRTY_CAFE_SALES,,,,,,,,False,False,['data_ausente']
TXN_7675823,TEA,5,1.50,7.50,N/A,N/A,,CSV_DIRTY_CAFE_SALES,,,,,,,,False,False,['data_ausente']
TXN_8717428,SALAD,3,5.00,15.00,DIGITAL WALLET,N/A,,CSV_DIRTY_CAFE_SALES,,,,,,,,False,False,['data_ausente']
TXN_7833800,COFFEE,2,2.00,4.00,N/A,TAKEAWAY,,CSV_DIRTY_CAFE_SALES,,,,,,,,False,False,['data_ausente']
TXN_3135132,SANDWICH,4,4.00,16.00,CREDIT CARD,TAKEAWAY,,CSV_DIRTY_CAFE_SALES,,,,,,,,False,False,['data_ausente']
TXN_4316299,TEA,2,1.50,3.00,CREDIT CARD,IN-STORE,,CSV_DIRTY_CAFE_SALES,,,,,,,,False,False,['data_ausente']
TXN_4874685,SMOOTHIE,,4.00,4.00,CREDIT CARD,IN-STORE,,CSV_DIRTY_CAFE_SALES,,,,,,,,True,False,['data_ausente']
TXN_6358073,SANDWICH,3,4.00,12.00,N/A,N/A,,CSV_DIRTY_CAFE_SALES,,,,,,,,False,False,['data_ausente']
TXN_9218683,CAKE,2,3.00,6.00,DIGITAL WALLET,IN-STORE,,CSV_DIRTY_CAFE_SALES,,,,,,,,False,False,['data_ausente']
TXN_8781128,SANDWICH,5,4.00,20.00,DIGITAL WALLET,TAKEAWAY,,CSV_DIRTY_CAFE_SALES,,,,,,,,False,False,['data_ausente']
TXN_9582716,CAKE,2,3.00,6.00,N/A,N/A,,CSV_DIRTY_CAFE_SALES,,,,,,,,False,False,['data_ausente']
TXN_7482583,TEA,5,1.50,7.50,CREDIT CARD,N/A,,CSV_DIRTY_CAFE_SALES,,,,,,,,False,False,['data_ausente']
TXN_1568657,COFFEE,2,,4.00,CASH,N/A,,CSV_DIRTY_CAFE_SALES,,,,,,,,True,False,['data_ausente']
TXN_3412490,CAKE,2,3.00,6.00,CASH,IN-STORE,,CSV_DIRTY_CAFE_SALES,,,,,,,,False,False,['data_ausente']
TXN_1852586,CAKE,5,3.00,15.00,N/A,IN-STORE,,CSV_DIRTY_CAFE_SALES,,,,,,,,False,False,['data_ausente']
TXN_3942164,COFFEE,4,2.00,8.00,CREDIT CARD,N/A,,CSV_DIRTY_CAFE_SALES,,,,,,,,False,False,['data_ausente']
TXN_7626939,COFFEE,,2.00,10.00,N/A,N/A,,CSV_DIRTY_CAFE_SALES,,,,,,,,True,False,['data_ausente']
TXN_9102030,SMOOTHIE,4,4.00,16.00,DIGITAL WALLET,IN-STORE,,CSV_DIRTY_CAFE_SALES,,,,,,,,False,False,['data_ausente']
TXN_7696120,COOKIE,1,,1.00,N/A,IN-STORE,,CSV_DIRTY_CAFE_SALES,,,,,,,,True,False,['data_ausente']
TXN_1789644,COFFEE,4,2.00,8.00,CREDIT CARD,IN-STORE,,CSV_DIRTY_CAFE_SALES,,,,,,,,False,False,['data_ausente']
TXN_5102956,CAKE,5,3.00,15.00,N/A,N/A,,CSV_DIRTY_CAFE_SALES,,,,,,,,False,False,['data_ausente']
TXN_8645889,SALAD,4,,20.00,CASH,N/A,,CSV_DIRTY_CAFE_SALES,,,,,,,,True,False,['data_ausente']
TXN_6060764,SMOOTHIE,3,,12.00,N/A,IN-STORE,,CSV_DIRTY_CAFE_SALES,,,,,,,,True,False,['data_ausente']
TXN_5237569,TEA,3,,4.50,N/A,N/A,,CSV_DIRTY_CAFE_SALES,,,,,,,,True,False,['data_ausente']
TXN_9121852,COOKIE,1,1.00,1.00,CREDIT CARD,N/A,,CSV_DIRTY_CAFE_SALES,,,,,,,,False,False,['data_ausente']
TXN_2952715,SMOOTHIE,3,4.00,12.00,CASH,IN-STORE,,CSV_DIRTY_CAFE_SALES,,,,,,,,False,False,['data_ausente']
TXN_7590801,TEA,,,6.00,CASH,TAKEAWAY,,CSV_DIRTY_CAFE_SALES,,,,,,,,True,False,['data_ausente']
TXN_9503369,COOKIE,,1.00,1.00,N/A,TAKEAWAY,,CSV_DIRTY_CAFE_SALES,,,,,,,,True,False,['data_ausente']
TXN_7752454,CAKE,3,3.00,9.00,N/A,N/A,,CSV_DIRTY_CAFE_SALES,,,,,,,,False,False,['data_ausente']
TXN_8148137,TEA,1,1.50,1.50,N/A,IN-STORE,,CSV_DIRTY_CAFE_SALES,,,,,,,,False,False,['data_ausente']
TXN_1494502,SALAD,5,5.00,25.00,DIGITAL WALLET,N/A,,CSV_DIRTY_CAFE_SALES,,,,,,,,False,False,['data_ausente']
TXN_4549825,SALAD,2,5.00,10.00,DIGITAL WALLET,N/A,,CSV_DIRTY_CAFE_SALES,,,,,,,,False,False,['data_ausente']
TXN_3165950,N/A,1,2.00,2.00,DIGITAL WALLET,N/A,,CSV_DIRTY_CAFE_SALES,,,,,,,,False,False,['data_ausente']
TXN_9817681,N/A,4,1.50,6.00,N/A,TAKEAWAY,,CSV_DIRTY_CAFE_SALES,,,,,,,,False,False,['data_ausente']
TXN_7056051,CAKE,2,3.00,6.00,N/A,N/A,,CSV_DIRTY_CAFE_SALES,,,,,,,,False,False,['data_ausente']
TXN_2091128,CAKE,1,3.00,3.00,CREDIT CARD,N/A,,CSV_DIRTY_CAFE_SALES,,,,,,,,False,False,['data_ausente']
TXN_6298532,SMOOTHIE,4,4.00,16.00,DIGITAL WALLET,N/A,,CSV_DIRTY_CAFE_SALES,,,,,,,,False,False,['data_ausente']
TXN_9522899,SMOOTHIE,5,4.00,20.00,CREDIT CARD,TAKEAWAY,,CSV_DIRTY_CAFE_SALES,,,,,,,,False,False,['data_ausente']
TXN_3257591,SANDWICH,1,4.00,4.00,CREDIT CARD,IN-STORE,,CSV_DIRTY_CAFE_SALES,,,,,,,,False,False,['data_ausente']
TXN_9491912,TEA,4,1.50,6.00,CASH,IN-STORE,,CSV_DIRTY_CAFE_SALES,,,,,,,,False,False,['data_ausente']
TXN_6992164,SANDWICH,2,4.00,8.00,CASH,TAKEAWAY,,CSV_DIRTY_CAFE_SALES,,,,,,,,False,False,['data_ausente']
TXN_8715122,CAKE,2,3.00,6.00,CASH,TAKEAWAY,,CSV_DIRTY_CAFE_SALES,,,,,,,,False,False,['data_ausente']
TXN_7169320,COFFEE,3,2.00,6.00,CREDIT CARD,N/A,,CSV_DIRTY_CAFE_SALES,,,,,,,,False,False,['data_ausente']
TXN_4030010,SANDWICH,5,4.00,20.00,N/A,TAKEAWAY,,CSV_DIRTY_CAFE_SALES,,,,,,,,False,False,['data_ausente']
TXN_8616163,SMOOTHIE,,4.00,8.00,N/A,TAKEAWAY,,CSV_DIRTY_CAFE_SALES,,,,,,,,True,False,['data_ausente']
TXN_7468777,SALAD,1,5.00,5.00,DIGITAL WALLET,IN-STORE,,CSV_DIRTY_CAFE_SALES,,,,,,,,False,False,['data_ausente']
TXN_7844687,CAKE,1,3.00,3.00,N/A,IN-STORE,,CSV_DIRTY_CAFE_SALES,,,,,,,,False,False,['data_ausente']
TXN_1185118,N/A,5,3.00,15.00,N/A,N/A,,CSV_DIRTY_CAFE_SALES,,,,,,,,False,False,['data_ausente']
TXN_3985301,SMOOTHIE,2,4.00,8.00,N/A,IN-STORE,,CSV_DIRTY_CAFE_SALES,,,,,,,,False,False,['data_ausente']
TXN_6594187,TEA,5,1.50,7.50,N/A,N/A,,CSV_DIRTY_CAFE_SALES,,,,,,,,False,False,['data_ausente']
TXN_6746140,COOKIE,5,1.00,5.00,DIGITAL WALLET,TAKEAWAY,,CSV_DIRTY_CAFE_SALES,,,,,,,,False,False,['data_ausente']
TXN_2376525,SANDWICH,5,4.00,20.00,N/A,N/A,,CSV_DIRTY_CAFE_SALES,,,,,,,,False,False,['data_ausente']
TXN_1529904,COFFEE,1,2.00,2.00,CREDIT CARD,IN-STORE,,CSV_DIRTY_CAFE_SALES,,,,,,,,False,False,['data_ausente']
TXN_8191921,SALAD,3,5.00,15.00,DIGITAL WALLET,N/A,,CSV_DIRTY_CAFE_SALES,,,,,,,,False,False,['data_ausente']
TXN_6346774,JUICE,3,3.00,9.00,CASH,IN-STORE,,CSV_DIRTY_CAFE_SALES,,,,,,,,False,False,['data_ausente']
TXN_6018740,SMOOTHIE,2,4.00,8.00,DIGITAL WALLET,TAKEAWAY,,CSV_DIRTY_CAFE_SALES,,,,,,,,False,False,['data_ausente']
TXN_9293417,TEA,3,1.50,4.50,DIGITAL WALLET,TAKEAWAY,,CSV_DIRTY_CAFE_SALES,,,,,,,,False,False,['data_ausente']
TXN_4225300,SANDWICH,1,4.00,4.00,CASH,TAKEAWAY,,CSV_DIRTY_CAFE_SALES,,,,,,,,False,False,['data_ausente']
TXN_7512574,TEA,1,1.50,1.50,N/A,TAKEAWAY,,CSV_DIRTY_CAFE_SALES,,,,,,,,False,False,['data_ausente']
TXN_4914535,N/A,2,1.00,2.00,CASH,N/A,,CSV_DIRTY_CAFE_SALES,,,,,,,,False,False,['data_ausente']
TXN_3596456,COFFEE,3,2.00,6.00,DIGITAL WALLET,TAKEAWAY,,CSV_DIRTY_CAFE_SALES,,,,,,,,False,False,['data_ausente']
TXN_2631671,COOKIE,1,1.00,1.00,CREDIT CARD,N/A,,CSV_DIRTY_CAFE_SALES,,,,,,,,False,False,['data_ausente']
TXN_7943598,N/A,4,4.00,16.00,CREDIT CARD,N/A,,CSV_DIRTY_CAFE_SALES,,,,,,,,False,False,['data_ausente']
TXN_9864212,SMOOTHIE,5,4.00,20.00,N/A,N/A,,CSV_DIRTY_CAFE_SALES,,,,,,,,False,False,['data_ausente']
TXN_1480967,TEA,2,1.50,3.00,CASH,TAKEAWAY,,CSV_DIRTY_CAFE_SALES,,,,,,,,False,False,['data_ausente']
TXN_7387701,COFFEE,1,2.00,2.00,CASH,TAKEAWAY,,CSV_DIRTY_CAFE_SALES,,,,,,,,False,False,['data_ausente']
TXN_4953063,TEA,5,,7.50,CREDIT CARD,N/A,,CSV_DIRTY_CAFE_SALES,,,,,,,,True,False,['data_ausente']
TXN_9747008,TEA,4,1.50,6.00,CASH,TAKEAWAY,,CSV_DIRTY_CAFE_SALES,,,,,,,,False,False,['data_ausente']
TXN_4690415,SANDWICH,2,,8.00,DIGITAL WALLET,N/A,,CSV_DIRTY_CAFE_SALES,,,,,,,,True,False,['data_ausente']
TXN_7570308,TEA,4,1.50,6.00,CASH,N/A,,CSV_DIRTY_CAFE_SALES,,,,,,,,False,False,['data_ausente']
TXN_7059722,SANDWICH,5,4.00,20.00,DIGITAL WALLET,IN-STORE,,CSV_DIRTY_CAFE_SALES,,,,,,,,False,False,['data_ausente']
TXN_6130455,TEA,2,1.50,3.00,DIGITAL WALLET,N/A,,CSV_DIRTY_CAFE_SALES,,,,,,,,False,False,['data_ausente']
TXN_9042043,COOKIE,4,1.00,4.00,CASH,TAKEAWAY,,CSV_DIRTY_CAFE_SALES,,,,,,,,False,False,['data_ausente']
TXN_2454046,JUICE,2,3.00,6.00,N/A,TAKEAWAY,,CSV_DIRTY_CAFE_SALES,,,,,,,,False,False,['data_ausente']
TXN_4130861,SALAD,2,5.00,10.00,CREDIT CARD,N/A,,CSV_DIRTY_CAFE_SALES,,,,,,,,False,False,['data_ausente']
TXN_5476846,TEA,4,1.50,6.00,CREDIT CARD,TAKEAWAY,,CSV_DIRTY_CAFE_SALES,,,,,,,,False,False,['data_ausente']
TXN_8329302,JUICE,,3.00,9.00,N/A,TAKEAWAY,,CSV_DIRTY_CAFE_SALES,,,,,,,,True,False,['data_ausente']
TXN_5745955,SMOOTHIE,4,4.00,16.00,CREDIT CARD,N/A,,CSV_DIRTY_CAFE_SALES,,,,,,,,False,False,['data_ausente']
TXN_6228918,CAKE,1,3.00,3.00,DIGITAL WALLET,IN-STORE,,CSV_DIRTY_CAFE_SALES,,,,,,,,False,False,['data_ausente']
TXN_5930921,COOKIE,2,1.00,2.00,DIGITAL WALLET,TAKEAWAY,,CSV_DIRTY_CAFE_SALES,,,,,,,,False,False,['data_ausente']
TXN_6377597,COOKIE,1,1.00,1.00,N/A,IN-STORE,,CSV_DIRTY_CAFE_SALES,,,,,,,,False,False,['data_ausente']
TXN_9769782,SMOOTHIE,5,4.00,20.00,CASH,TAKEAWAY,,CSV_DIRTY_CAFE_SALES,,,,,,,,False,False,['data_ausente']
TXN_2505327,JUICE,2,3.00,6.00,N/A,N/A,,CSV_DIRTY_CAFE_SALES,,,,,,,,False,False,['data_ausente']
TXN_3894820,SANDWICH,5,4.00,20.00,DIGITAL WALLET,TAKEAWAY,,CSV_DIRTY_CAFE_SALES,,,,,,,,False,False,['data_ausente']
TXN_1897660,TEA,3,1.50,4.50,DIGITAL WALLET,IN-STORE,,CSV_DIRTY_CAFE_SALES,,,,,,,,False,False,['data_ausente']
TXN_9749434,CAKE,5,3.00,15.00,CREDIT CARD,TAKEAWAY,,CSV_DIRTY_CAFE_SALES,,,,,,,,False,False,['data_ausente']
TXN_8832852,SANDWICH,5,4.00,20.00,N/A,TAKEAWAY,,CSV_DIRTY_CAFE_SALES,,,,,,,,False,False,['data_ausente']
TXN_8980774,TEA,4,1.50,6.00,N/A,IN-STORE,,CSV_DIRTY_CAFE_SALES,,,,,,,,False,False,['data_ausente']
TXN_3716067,TEA,5,1.50,7.50,CREDIT CARD,IN-STORE,,CSV_DIRTY_CAFE_SALES,,,,,,,,False,False,['data_ausente']
TXN_3687300,COOKIE,2,1.00,2.00,CREDIT CARD,IN-STORE,,CSV_DIRTY_CAFE_SALES,,,,,,,,False,False,['data_ausente']
TXN_8162049,SANDWICH,1,4.00,4.00,DIGITAL WALLET,N/A,,CSV_DIRTY_CAFE_SALES,,,,,,,,False,False,['data_ausente']
TXN_3923375,CAKE,5,3.00,15.00,CREDIT CARD,N/A,,CSV_DIRTY_CAFE_SALES,,,,,,,,False,False,['data_ausente']
TXN_7397017,SALAD,3,5.00,15.00,DIGITAL WALLET,TAKEAWAY,,CSV_DIRTY_CAFE_SALES,,,,,,,,False,False,['data_ausente']
TXN_9868053,JUICE,3,3.00,9.00,DIGITAL WALLET,IN-STORE,,CSV_DIRTY_CAFE_SALES,,,,,,,,False,False,['data_ausente']
TXN_3475075,CAKE,3,,9.00,CASH,TAKEAWAY,,CSV_DIRTY_CAFE_SALES,,,,,,,,True,False,['data_ausente']
TXN_4759797,SALAD,3,5.00,15.00,N/A,IN-STORE,,CSV_DIRTY_CAFE_SALES,,,,,,,,False,False,['data_ausente']
TXN_3292043,COOKIE,5,,5.00,N/A,N/A,,CSV_DIRTY_CAFE_SALES,,,,,,,,True,False,['data_ausente']
TXN_2052771,TEA,4,1.50,6.00,DIGITAL WALLET,TAKEAWAY,,CSV_DIRTY_CAFE_SALES,,,,,,,,False,False,['data_ausente']
TXN_9433806,COFFEE,1,2.00,2.00,N/A,N/A,,CSV_DIRTY_CAFE_SALES,,,,,,,,False,False,['data_ausente']
TXN_7494217,COOKIE,1,1.00,1.00,CASH,IN-STORE,,CSV_DIRTY_CAFE_SALES,,,,,,,,False,False,['data_ausente']
TXN_6324736,SANDWICH,5,4.00,20.00,CREDIT CARD,N/A,,CSV_DIRTY_CAFE_SALES,,,,,,,,False,False,['data_ausente']
TXN_4695415,CAKE,5,3.00,15.00,N/A,IN-STORE,,CSV_DIRTY_CAFE_SALES,,,,,,,,False,False,['data_ausente']
TXN_6252589,SMOOTHIE,2,4.00,8.00,DIGITAL WALLET,IN-STORE,,CSV_DIRTY_CAFE_SALES,,,,,,,,False,False,['data_ausente']
TXN_9851026,SALAD,2,5.00,10.00,N/A,TAKEAWAY,,CSV_DIRTY_CAFE_SALES,,,,,,,,False,False,['data_ausente']
TXN_4933689,CAKE,1,3.00,3.00,CASH,IN-STORE,,CSV_DIRTY_CAFE_SALES,,,,,,,,False,False,['data_ausente']
TXN_4653861,SANDWICH,,4.00,16.00,CASH,TAKEAWAY,,CSV_DIRTY_CAFE_SALES,,,,,,,,True,False,['data_ausente']
TXN_7990902,COFFEE,5,2.00,10.00,N/A,IN-STORE,,CSV_DIRTY_CAFE_SALES,,,,,,,,False,False,['data_ausente']
TXN_6485220,CAKE,3,3.00,9.00,CASH,N/A,,CSV_DIRTY_CAFE_SALES,,,,,,,,False,False,['data_ausente']
TXN_2475259,SMOOTHIE,2,4.00,8.00,CASH,N/A,,CSV_DIRTY_CAFE_SALES,,,,,,,,False,False,['data_ausente']
TXN_9006674,TEA,1,1.50,1.50,N/A,TAKEAWAY,,CSV_DIRTY_CAFE_SALES,,,,,,,,False,False,['data_ausente']
TXN_2252218,N/A,4,5.00,20.00,CASH,N/A,,CSV_DIRTY_CAFE_SALES,,,,,,,,False,False,['data_ausente']
TXN_9123562,JUICE,5,3.00,15.00,CREDIT CARD,TAKEAWAY,,CSV_DIRTY_CAFE_SALES,,,,,,,,False,False,['data_ausente']
TXN_6633097,JUICE,4,3.00,12.00,CREDIT CARD,IN-STORE,,CSV_DIRTY_CAFE_SALES,,,,,,,,False,False,['data_ausente']
TXN_2265603,SMOOTHIE,3,4.00,12.00,DIGITAL WALLET,TAKEAWAY,,CSV_DIRTY_CAFE_SALES,,,,,,,,False,False,['data_ausente']
TXN_3271393,SMOOTHIE,4,4.00,16.00,CASH,IN-STORE,,CSV_DIRTY_CAFE_SALES,,,,,,,,False,False,['data_ausente']
TXN_2591969,SALAD,,5.00,20.00,CREDIT CARD,IN-STORE,,CSV_DIRTY_CAFE_SALES,,,,,,,,True,False,['data_ausente']
TXN_8939048,COOKIE,3,1.00,3.00,DIGITAL WALLET,N/A,,CSV_DIRTY_CAFE_SALES,,,,,,,,False,False,['data_ausente']
TXN_3784001,SANDWICH,1,4.00,4.00,N/A,TAKEAWAY,,CSV_DIRTY_CAFE_SALES,,,,,,,,False,False,['data_ausente']
TXN_5738282,CAKE,4,3.00,12.00,CREDIT CARD,IN-STORE,,CSV_DIRTY_CAFE_SALES,,,,,,,,False,False,['data_ausente']
TXN_6500126,SMOOTHIE,2,,,N/A,N/A,,CSV_DIRTY_CAFE_SALES,,,,,,,,True,False,['data_ausente']
TXN_2629168,JUICE,1,3.00,3.00,CREDIT CARD,N/A,,CSV_DIRTY_CAFE_SALES,,,,,,,,False,False,['data_ausente']
TXN_1034956,SANDWICH,4,4.00,16.00,CASH,IN-STORE,,CSV_DIRTY_CAFE_SALES,,,,,,,,False,False,['data_ausente']
TXN_6935106,TEA,5,1.50,7.50,N/A,IN-STORE,,CSV_DIRTY_CAFE_SALES,,,,,,,,False,False,['data_ausente']
TXN_8205635,CAKE,5,3.00,15.00,CREDIT CARD,N/A,,CSV_DIRTY_CAFE_SALES,,,,,,,,False,False,['data_ausente']
TXN_2342256,TEA,3,1.50,4.50,N/A,N/A,,CSV_DIRTY_CAFE_SALES,,,,,,,,False,False,['data_ausente']
TXN_9958548,TEA,4,1.50,6.00,N/A,IN-STORE,,CSV_DIRTY_CAFE_SALES,,,,,,,,False,False,['data_ausente']
TXN_9405019,CAKE,5,3.00,15.00,N/A,N/A,,CSV_DIRTY_CAFE_SALES,,,,,,,,False,False,['data_ausente']
TXN_8116619,SMOOTHIE,3,4.00,12.00,CASH,IN-STORE,,CSV_DIRTY_CAFE_SALES,,,,,,,,False,False,['data_ausente']
TXN_2450896,SMOOTHIE,1,4.00,4.00,DIGITAL WALLET,TAKEAWAY,,CSV_DIRTY_CAFE_SALES,,,,,,,,False,False,['data_ausente']
TXN_8302551,CAKE,4,3.00,12.00,N/A,N/A,,CSV_DIRTY_CAFE_SALES,,,,,,,,False,False,['data_ausente']
TXN_7469391,COFFEE,5,2.00,10.00,CASH,IN-STORE,,CSV_DIRTY_CAFE_SALES,,,,,,,,False,False,['data_ausente']
TXN_4695464,COOKIE,4,1.00,4.00,N/A,TAKEAWAY,,CSV_DIRTY_CAFE_SALES,,,,,,,,False,False,['data_ausente']
TXN_1475403,COOKIE,1,1.00,1.00,CASH,IN-STORE,,CSV_DIRTY_CAFE_SALES,,,,,,,,False,False,['data_ausente']
TXN_9705872,COOKIE,3,,3.00,N/A,IN-STORE,,CSV_DIRTY_CAFE_SALES,,,,,,,,True,False,['data_ausente']
TXN_6286062,COFFEE,1,2.00,2.00,CREDIT CARD,N/A,,CSV_DIRTY_CAFE_SALES,,,,,,,,False,False,['data_ausente']
TXN_5380198,CAKE,3,3.00,9.00,N/A,N/A,,CSV_DIRTY_CAFE_SALES,,,,,,,,False,False,['data_ausente']
TXN_4876195,TEA,2,1.50,3.00,N/A,IN-STORE,,CSV_DIRTY_CAFE_SALES,,,,,,,,False,False,['data_ausente']
TXN_4009914,SANDWICH,2,4.00,8.00,N/A,IN-STORE,,CSV_DIRTY_CAFE_SALES,,,,,,,,False,False,['data_ausente']
TXN_8061460,SANDWICH,3,4.00,12.00,CREDIT CARD,TAKEAWAY,,CSV_DIRTY_CAFE_SALES,,,,,,,,False,False,['data_ausente']
TXN_5514988,COOKIE,5,1.00,5.00,CREDIT CARD,N/A,,CSV_DIRTY_CAFE_SALES,,,,,,,,False,False,['data_ausente']
TXN_8619494,COFFEE,2,2.00,4.00,DIGITAL WALLET,IN-STORE,,CSV_DIRTY_CAFE_SALES,,,,,,,,False,False,['data_ausente']
TXN_3754190,N/A,3,3.00,9.00,DIGITAL WALLET,IN-STORE,,CSV_DIRTY_CAFE_SALES,,,,,,,,False,False,['data_ausente']
TXN_9181224,SANDWICH,5,4.00,20.00,CASH,N/A,,CSV_DIRTY_CAFE_SALES,,,,,,,,False,False,['data_ausente']
TXN_4476636,COFFEE,3,,6.00,CREDIT CARD,IN-STORE,,CSV_DIRTY_CAFE_SALES,,,,,,,,True,False,['data_ausente']
TXN_1197495,JUICE,5,3.00,15.00,N/A,TAKEAWAY,,CSV_DIRTY_CAFE_SALES,,,,,,,,False,False,['data_ausente']
TXN_2615514,COOKIE,5,,5.00,DIGITAL WALLET,N/A,,CSV_DIRTY_CAFE_SALES,,,,,,,,True,False,['data_ausente']
TXN_7331525,CAKE,2,3.00,6.00,N/A,N/A,,CSV_DIRTY_CAFE_SALES,,,,,,,,False,False,['data_ausente']
TXN_8722854,JUICE,1,3.00,3.00,CREDIT CARD,TAKEAWAY,,CSV_DIRTY_CAFE_SALES,,,,,,,,False,False,['data_ausente']
TXN_8167275,SALAD,5,5.00,25.00,N/A,N/A,,CSV_DIRTY_CAFE_SALES,,,,,,,,False,False,['data_ausente']
TXN_7618171,CAKE,5,3.00,15.00,CASH,N/A,,CSV_DIRTY_CAFE_SALES,,,,,,,,False,False,['data_ausente']
TXN_7389626,TEA,2,1.50,3.00,N/A,N/A,,CSV_DIRTY_CAFE_SALES,,,,,,,,False,False,['data_ausente']
TXN_2112333,COOKIE,2,1.00,2.00,CREDIT CARD,IN-STORE,,CSV_DIRTY_CAFE_SALES,,,,,,,,False,False,['data_ausente']
TXN_2785563,JUICE,5,3.00,15.00,CASH,TAKEAWAY,,CSV_DIRTY_CAFE_SALES,,,,,,,,False,False,['data_ausente']
TXN_7060144,CAKE,5,3.00,15.00,CREDIT CARD,N/A,,CSV_DIRTY_CAFE_SALES,,,,,,,,False,False,['data_ausente']
TXN_6126149,TEA,2,1.50,3.00,N/A,N/A,,CSV_DIRTY_CAFE_SALES,,,,,,,,False,False,['data_ausente']
TXN_5613875,TEA,5,1.50,7.50,N/A,IN-STORE,,CSV_DIRTY_CAFE_SALES,,,,,,,,False,False,['data_ausente']
TXN_1985142,SMOOTHIE,3,4.00,12.00,DIGITAL WALLET,N/A,,CSV_DIRTY_CAFE_SALES,,,,,,,,False,False,['data_ausente']
TXN_7379007,CAKE,2,3.00,6.00,N/A,TAKEAWAY,,CSV_DIRTY_CAFE_SALES,,,,,,,,False,False,['data_ausente']
TXN_1339158,SALAD,4,5.00,20.00,CASH,N/A,,CSV_DIRTY_CAFE_SALES,,,,,,,,False,False,['data_ausente']
TXN_7948933,SANDWICH,3,4.00,12.00,CASH,N/A,,CSV_DIRTY_CAFE_SALES,,,,,,,,False,False,['data_ausente']
TXN_9182359,SALAD,3,5.00,15.00,N/A,IN-STORE,,CSV_DIRTY_CAFE_SALES,,,,,,,,False,False,['data_ausente']
TXN_5235471,CAKE,5,3.00,15.00,N/A,IN-STORE,,CSV_DIRTY_CAFE_SALES,,,,,,,,False,False,['data_ausente']
TXN_1848481,COOKIE,4,1.00,4.00,CREDIT CARD,N/A,,CSV_DIRTY_CAFE_SALES,,,,,,,,False,False,['data_ausente']
TXN_9455737,N/A,3,5.00,15.00,N/A,N/A,,CSV_DIRTY_CAFE_SALES,,,,,,,,False,False,['data_ausente']
TXN_1026799,CAKE,5,3.00,15.00,CREDIT CARD,N/A,,CSV_DIRTY_CAFE_SALES,,,,,,,,False,False,['data_ausente']
TXN_2582926,SMOOTHIE,4,4.00,16.00,N/A,N/A,,CSV_DIRTY_CAFE_SALES,,,,,,,,False,False,['data_ausente']
TXN_6327139,N/A,4,4.00,16.00,N/A,TAKEAWAY,,CSV_DIRTY_CAFE_SALES,,,,,,,,False,False,['data_ausente']
TXN_3716685,N/A,5,4.00,20.00,DIGITAL WALLET,TAKEAWAY,,CSV_DIRTY_CAFE_SALES,,,,,,,,False,False,['data_ausente']
TXN_1580822,JUICE,5,3.00,15.00,CREDIT CARD,N/A,,CSV_DIRTY_CAFE_SALES,,,,,,,,False,False,['data_ausente']
TXN_5060289,TEA,5,1.50,7.50,CREDIT CARD,N/A,,CSV_DIRTY_CAFE_SALES,,,,,,,,False,False,['data_ausente']
TXN_8069514,SMOOTHIE,4,4.00,16.00,CREDIT CARD,N/A,,CSV_DIRTY_CAFE_SALES,,,,,,,,False,False,['data_ausente']
TXN_7603895,SMOOTHIE,5,4.00,20.00,CREDIT CARD,IN-STORE,,CSV_DIRTY_CAFE_SALES,,,,,,,,False,False,['data_ausente']
TXN_9699116,COOKIE,2,1.00,2.00,DIGITAL WALLET,IN-STORE,,CSV_DIRTY_CAFE_SALES,,,,,,,,False,False,['data_ausente']
TXN_9999124,JUICE,2,3.00,6.00,DIGITAL WALLET,TAKEAWAY,,CSV_DIRTY_CAFE_SALES,,,,,,,,False,False,['data_ausente']
TXN_9924421,CAKE,5,3.00,15.00,CREDIT CARD,N/A,,CSV_DIRTY_CAFE_SALES,,,,,,,,False,False,['data_ausente']
TXN_4620459,SANDWICH,5,4.00,20.00,CASH,N/A,,CSV_DIRTY_CAFE_SALES,,,,,,,,False,False,['data_ausente']
TXN_6368424,COOKIE,3,1.00,3.00,N/A,N/A,,CSV_DIRTY_CAFE_SALES,,,,,,,,False,False,['data_ausente']
TXN_4791031,COFFEE,,2.00,10.00,CASH,N/A,,CSV_DIRTY_CAFE_SALES,,,,,,,,True,False,['data_ausente']
TXN_9432007,COOKIE,4,1.00,4.00,N/A,N/A,,CSV_DIRTY_CAFE_SALES,,,,,,,,False,False,['data_ausente']
TXN_8872160,SALAD,5,5.00,25.00,DIGITAL WALLET,N/A,,CSV_DIRTY_CAFE_SALES,,,,,,,,False,False,['data_ausente']
TXN_8059782,CAKE,5,3.00,15.00,N/A,TAKEAWAY,,CSV_DIRTY_CAFE_SALES,,,,,,,,False,False,['data_ausente']
TXN_5639908,TEA,,1.50,4.50,N/A,IN-STORE,,CSV_DIRTY_CAFE_SALES,,,,,,,,True,False,['data_ausente']
TXN_4325098,N/A,5,3.00,15.00,N/A,TAKEAWAY,,CSV_DIRTY_CAFE_SALES,,,,,,,,False,False,['data_ausente']
TXN_3737378,SMOOTHIE,1,4.00,4.00,CASH,N/A,,CSV_DIRTY_CAFE_SALES,,,,,,,,False,False,['data_ausente']
TXN_2653400,SMOOTHIE,1,4.00,4.00,CASH,N/A,,CSV_DIRTY_CAFE_SALES,,,,,,,,False,False,['data_ausente']
TXN_6927392,SALAD,3,5.00,15.00,DIGITAL WALLET,IN-STORE,,CSV_DIRTY_CAFE_SALES,,,,,,,,False,False,['data_ausente']
TXN_3024493,SMOOTHIE,1,4.00,4.00,CREDIT CARD,IN-STORE,,CSV_DIRTY_CAFE_SALES,,,,,,,,False,False,['data_ausente']
TXN_2740398,COOKIE,4,1.00,4.00,DIGITAL WALLET,IN-STORE,,CSV_DIRTY_CAFE_SALES,,,,,,,,False,False,['data_ausente']
TXN_6995665,TEA,2,1.50,3.00,N/A,N/A,,CSV_DIRTY_CAFE_SALES,,,,,,,,False,False,['data_ausente']
TXN_7763764,COOKIE,2,1.00,2.00,N/A,IN-STORE,,CSV_DIRTY_CAFE_SALES,,,,,,,,False,False,['data_ausente']
TXN_8726097,TEA,1,1.50,1.50,DIGITAL WALLET,TAKEAWAY,,CSV_DIRTY_CAFE_SALES,,,,,,,,False,False,['data_ausente']
TXN_7445500,SALAD,4,5.00,20.00,CASH,IN-STORE,,CSV_DIRTY_CAFE_SALES,,,,,,,,False,False,['data_ausente']
TXN_6461461,JUICE,1,3.00,3.00,N/A,IN-STORE,,CSV_DIRTY_CAFE_SALES,,,,,,,,False,False,['data_ausente']
TXN_8878429,CAKE,5,3.00,15.00,DIGITAL WALLET,IN-STORE,,CSV_DIRTY_CAFE_SALES,,,,,,,,False,False,['data_ausente']
TXN_8888599,SANDWICH,5,4.00,20.00,N/A,N/A,,CSV_DIRTY_CAFE_SALES,,,,,,,,False,False,['data_ausente']
TXN_6361309,CAKE,5,3.00,15.00,N/A,TAKEAWAY,,CSV_DIRTY_CAFE_SALES,,,,,,,,False,False,['data_ausente']
TXN_6301984,JUICE,5,3.00,15.00,N/A,TAKEAWAY,,CSV_DIRTY_CAFE_SALES,,,,,,,,False,False,['data_ausente']
TXN_2268203,SALAD,3,5.00,15.00,N/A,N/A,,CSV_DIRTY_CAFE_SALES,,,,,,,,False,False,['data_ausente']
TXN_4994052,COFFEE,4,2.00,8.00,N/A,TAKEAWAY,,CSV_DIRTY_CAFE_SALES,,,,,,,,False,False,['data_ausente']
TXN_9448209,SANDWICH,3,4.00,12.00,CASH,IN-STORE,,CSV_DIRTY_CAFE_SALES,,,,,,,,False,False,['data_ausente']
TXN_8960347,SMOOTHIE,,4.00,12.00,CASH,IN-STORE,,CSV_DIRTY_CAFE_SALES,,,,,,,,True,False,['data_ausente']
TXN_6243134,TEA,2,1.50,3.00,DIGITAL WALLET,N/A,,CSV_DIRTY_CAFE_SALES,,,,,,,,False,False,['data_ausente']
TXN_1804132,SMOOTHIE,3,4.00,12.00,N/A,IN-STORE,,CSV_DIRTY_CAFE_SALES,,,,,,,,False,False,['data_ausente']
TXN_5649995,TEA,2,1.50,3.00,N/A,TAKEAWAY,,CSV_DIRTY_CAFE_SALES,,,,,,,,False,False,['data_ausente']
TXN_9894270,COOKIE,,1.00,4.00,CREDIT CARD,IN-STORE,,CSV_DIRTY_CAFE_SALES,,,,,,,,True,False,['data_ausente']
TXN_1481470,JUICE,3,3.00,9.00,DIGITAL WALLET,TAKEAWAY,,CSV_DIRTY_CAFE_SALES,,,,,,,,False,False,['data_ausente']
TXN_5752187,JUICE,4,3.00,12.00,DIGITAL WALLET,IN-STORE,,CSV_DIRTY_CAFE_SALES,,,,,,,,False,False,['data_ausente']
TXN_9550397,COFFEE,4,2.00,8.00,N/A,N/A,,CSV_DIRTY_CAFE_SALES,,,,,,,,False,False,['data_ausente']
TXN_5896413,COFFEE,3,2.00,6.00,CASH,IN-STORE,,CSV_DIRTY_CAFE_SALES,,,,,,,,False,False,['data_ausente']
TXN_8156272,SALAD,2,5.00,10.00,CASH,IN-STORE,,CSV_DIRTY_CAFE_SALES,,,,,,,,False,False,['data_ausente']
TXN_4483944,JUICE,4,3.00,12.00,N/A,IN-STORE,,CSV_DIRTY_CAFE_SALES,,,,,,,,False,False,['data_ausente']
TXN_2607233,COFFEE,3,2.00,6.00,CASH,TAKEAWAY,,CSV_DIRTY_CAFE_SALES,,,,,,,,False,False,['data_ausente']
TXN_6753977,TEA,3,1.50,4.50,N/A,IN-STORE,,CSV_DIRTY_CAFE_SALES,,,,,,,,False,False,['data_ausente']
TXN_1193930,COFFEE,1,2.00,2.00,CASH,N/A,,CSV_DIRTY_CAFE_SALES,,,,,,,,False,False,['data_ausente']
TXN_5047792,SALAD,1,5.00,5.00,N/A,N/A,,CSV_DIRTY_CAFE_SALES,,,,,,,,False,False,['data_ausente']
TXN_6184247,N/A,1,3.00,3.00,N/A,N/A,,CSV_DIRTY_CAFE_SALES,,,,,,,,False,False,['data_ausente']
TXN_1409029,SANDWICH,1,4.00,4.00,CASH,N/A,,CSV_DIRTY_CAFE_SALES,,,,,,,,False,False,['data_ausente']
TXN_6344738,N/A,4,5.00,20.00,CREDIT CARD,TAKEAWAY,,CSV_DIRTY_CAFE_SALES,,,,,,,,False,False,['data_ausente']
TXN_9882485,SALAD,5,5.00,25.00,CASH,N/A,,CSV_DIRTY_CAFE_SALES,,,,,,,,False,False,['data_ausente']
TXN_8899602,SALAD,4,5.00,20.00,N/A,IN-STORE,,CSV_DIRTY_CAFE_SALES,,,,,,,,False,False,['data_ausente']
TXN_6388090,JUICE,4,3.00,12.00,N/A,N/A,,CSV_DIRTY_CAFE_SALES,,,,,,,,False,False,['data_ausente']
TXN_2414686,CAKE,1,3.00,3.00,CASH,N/A,,CSV_DIRTY_CAFE_SALES,,,,,,,,False,False,['data_ausente']
TXN_2896162,COOKIE,2,1.00,2.00,CREDIT CARD,IN-STORE,,CSV_DIRTY_CAFE_SALES,,,,,,,,False,False,['data_ausente']
TXN_9615339,SANDWICH,1,4.00,4.00,N/A,IN-STORE,,CSV_DIRTY_CAFE_SALES,,,,,,,,False,False,['data_ausente']
TXN_3018211,SALAD,4,5.00,20.00,N/A,N/A,,CSV_DIRTY_CAFE_SALES,,,,,,,,False,False,['data_ausente']
TXN_7474617,SALAD,3,5.00,15.00,CREDIT CARD,TAKEAWAY,,CSV_DIRTY_CAFE_SALES,,,,,,,,False,False,['data_ausente']
TXN_2477021,COOKIE,4,,4.00,CREDIT CARD,IN-STORE,,CSV_DIRTY_CAFE_SALES,,,,,,,,True,False,['data_ausente']
TXN_6296806,SANDWICH,2,4.00,8.00,N/A,TAKEAWAY,,CSV_DIRTY_CAFE_SALES,,,,,,,,False,False,['data_ausente']
TXN_3435561,N/A,2,3.00,6.00,N/A,TAKEAWAY,,CSV_DIRTY_CAFE_SALES,,,,,,,,False,False,['data_ausente']
TXN_5900899,N/A,4,1.00,4.00,N/A,TAKEAWAY,,CSV_DIRTY_CAFE_SALES,,,,,,,,False,False,['data_ausente']
TXN_4832566,SANDWICH,4,4.00,16.00,DIGITAL WALLET,IN-STORE,,CSV_DIRTY_CAFE_SALES,,,,,,,,False,False,['data_ausente']
TXN_6859249,COOKIE,,,2.00,N/A,N/A,,CSV_DIRTY_CAFE_SALES,,,,,,,,True,False,['data_ausente']
TXN_4977954,JUICE,4,3.00,12.00,CASH,N/A,,CSV_DIRTY_CAFE_SALES,,,,,,,,False,False,['data_ausente']
TXN_3701660,SANDWICH,1,4.00,4.00,DIGITAL WALLET,N/A,,CSV_DIRTY_CAFE_SALES,,,,,,,,False,False,['data_ausente']
TXN_4428307,SALAD,3,5.00,15.00,CASH,IN-STORE,,CSV_DIRTY_CAFE_SALES,,,,,,,,False,False,['data_ausente']
TXN_9868954,SMOOTHIE,4,4.00,16.00,CREDIT CARD,N/A,,CSV_DIRTY_CAFE_SALES,,,,,,,,False,False,['data_ausente']
TXN_8854471,CAKE,5,3.00,15.00,CREDIT CARD,N/A,,CSV_DIRTY_CAFE_SALES,,,,,,,,False,False,['data_ausente']
TXN_7243779,N/A,1,1.00,1.00,N/A,IN-STORE,,CSV_DIRTY_CAFE_SALES,,,,,,,,False,False,['data_ausente']
TXN_2529216,TEA,3,,4.50,CREDIT CARD,IN-STORE,,CSV_DIRTY_CAFE_SALES,,,,,,,,True,False,['data_ausente']
TXN_3014967,SALAD,,5.00,5.00,N/A,N/A,,CSV_DIRTY_CAFE_SALES,,,,,,,,True,False,['data_ausente']
TXN_1776070,SANDWICH,3,4.00,12.00,N/A,N/A,,CSV_DIRTY_CAFE_SALES,,,,,,,,False,False,['data_ausente']
TXN_6070523,N/A,4,2.00,8.00,CASH,N/A,,CSV_DIRTY_CAFE_SALES,,,,,,,,False,False,['data_ausente']
TXN_3638761,JUICE,5,3.00,15.00,N/A,N/A,,CSV_DIRTY_CAFE_SALES,,,,,,,,False,False,['data_ausente']
TXN_5569954,COOKIE,4,1.00,4.00,CREDIT CARD,IN-STORE,,CSV_DIRTY_CAFE_SALES,,,,,,,,False,False,['data_ausente']
TXN_9556442,SANDWICH,1,4.00,4.00,DIGITAL WALLET,TAKEAWAY,,CSV_DIRTY_CAFE_SALES,,,,,,,,False,False,['data_ausente']
TXN_1022126,TEA,,1.50,4.50,N/A,N/A,,CSV_DIRTY_CAFE_SALES,,,,,,,,True,False,['data_ausente']
TXN_8152941,COFFEE,3,2.00,6.00,N/A,TAKEAWAY,,CSV_DIRTY_CAFE_SALES,,,,,,,,False,False,['data_ausente']
TXN_2548742,SALAD,5,5.00,25.00,DIGITAL WALLET,N/A,,CSV_DIRTY_CAFE_SALES,,,,,,,,False,False,['data_ausente']
TXN_7133645,SANDWICH,5,4.00,20.00,CREDIT CARD,TAKEAWAY,,CSV_DIRTY_CAFE_SALES,,,,,,,,False,False,['data_ausente']
TXN_2097072,TEA,4,1.50,6.00,N/A,IN-STORE,,CSV_DIRTY_CAFE_SALES,,,,,,,,False,False,['data_ausente']
TXN_7543525,TEA,4,1.50,6.00,CREDIT CARD,TAKEAWAY,,CSV_DIRTY_CAFE_SALES,,,,,,,,False,False,['data_ausente']
TXN_5376589,COFFEE,5,2.00,10.00,CASH,TAKEAWAY,,CSV_DIRTY_CAFE_SALES,,,,,,,,False,False,['data_ausente']
TXN_1381818,JUICE,4,3.00,12.00,CREDIT CARD,N/A,,CSV_DIRTY_CAFE_SALES,,,,,,,,False,False,['data_ausente']
TXN_7241859,COOKIE,1,1.00,1.00,N/A,N/A,,CSV_DIRTY_CAFE_SALES,,,,,,,,False,False,['data_ausente']
TXN_6748232,N/A,2,4.00,8.00,CREDIT CARD,IN-STORE,,CSV_DIRTY_CAFE_SALES,,,,,,,,False,False,['data_ausente']
TXN_5315665,TEA,3,1.50,4.50,CREDIT CARD,N/A,,CSV_DIRTY_CAFE_SALES,,,,,,,,False,False,['data_ausente']
TXN_3456057,SANDWICH,1,4.00,4.00,N/A,TAKEAWAY,,CSV_DIRTY_CAFE_SALES,,,,,,,,False,False,['data_ausente']
TXN_4704321,CAKE,3,3.00,9.00,CASH,N/A,,CSV_DIRTY_CAFE_SALES,,,,,,,,False,False,['data_ausente']
TXN_5578380,TEA,,1.50,6.00,N/A,IN-STORE,,CSV_DIRTY_CAFE_SALES,,,,,,,,True,False,['data_ausente']
TXN_2194660,N/A,1,5.00,5.00,N/A,N/A,,CSV_DIRTY_CAFE_SALES,,,,,,,,False,False,['data_ausente']
TXN_9617269,COFFEE,1,2.00,2.00,DIGITAL WALLET,N/A,,CSV_DIRTY_CAFE_SALES,,,,,,,,False,False,['data_ausente']
TXN_3130302,SMOOTHIE,3,4.00,12.00,CREDIT CARD,IN-STORE,,CSV_DIRTY_CAFE_SALES,,,,,,,,False,False,['data_ausente']
TXN_5145016,SANDWICH,1,4.00,4.00,CASH,TAKEAWAY,,CSV_DIRTY_CAFE_SALES,,,,,,,,False,False,['data_ausente']
TXN_1293509,JUICE,3,3.00,9.00,CASH,IN-STORE,,CSV_DIRTY_CAFE_SALES,,,,,,,,False,False,['data_ausente']
TXN_4558455,N/A,3,5.00,15.00,CREDIT CARD,IN-STORE,,CSV_DIRTY_CAFE_SALES,,,,,,,,False,False,['data_ausente']
TXN_5154112,CAKE,3,3.00,9.00,CREDIT CARD,TAKEAWAY,,CSV_DIRTY_CAFE_SALES,,,,,,,,False,False,['data_ausente']
TXN_1704642,N/A,5,3.00,15.00,DIGITAL WALLET,IN-STORE,,CSV_DIRTY_CAFE_SALES,,,,,,,,False,False,['data_ausente']
TXN_4865947,TEA,2,1.50,3.00,CASH,TAKEAWAY,,CSV_DIRTY_CAFE_SALES,,,,,,,,False,False,['data_ausente']
TXN_5468350,SALAD,4,5.00,20.00,CREDIT CARD,IN-STORE,,CSV_DIRTY_CAFE_SALES,,,,,,,,False,False,['data_ausente']
TXN_3886176,COOKIE,4,1.00,4.00,CASH,N/A,,CSV_DIRTY_CAFE_SALES,,,,,,,,False,False,['data_ausente']
TXN_4461853,CAKE,5,3.00,15.00,CREDIT CARD,IN-STORE,,CSV_DIRTY_CAFE_SALES,,,,,,,,False,False,['data_ausente']
TXN_6553641,SALAD,1,5.00,5.00,CASH,IN-STORE,,CSV_DIRTY_CAFE_SALES,,,,,,,,False,False,['data_ausente']
TXN_8953489,JUICE,5,3.00,15.00,N/A,IN-STORE,,CSV_DIRTY_CAFE_SALES,,,,,,,,False,False,['data_ausente']
TXN_1624458,TEA,,1.50,6.00,DIGITAL WALLET,N/A,,CSV_DIRTY_CAFE_SALES,,,,,,,,True,False,['data_ausente']
TXN_1998357,CAKE,2,3.00,6.00,DIGITAL WALLET,N/A,,CSV_DIRTY_CAFE_SALES,,,,,,,,False,False,['data_ausente']
TXN_4163126,SANDWICH,3,4.00,12.00,DIGITAL WALLET,TAKEAWAY,,CSV_DIRTY_CAFE_SALES,,,,,,,,False,False,['data_ausente']
TXN_2574545,COFFEE,,2.00,4.00,N/A,IN-STORE,,CSV_DIRTY_CAFE_SALES,,,,,,,,True,False,['data_ausente']
TXN_8048357,SALAD,4,5.00,20.00,N/A,IN-STORE,,CSV_DIRTY_CAFE_SALES,,,,,,,,False,False,['data_ausente']
TXN_4709135,SANDWICH,2,4.00,8.00,CREDIT CARD,TAKEAWAY,,CSV_DIRTY_CAFE_SALES,,,,,,,,False,False,['data_ausente']
TXN_3140950,JUICE,5,3.00,15.00,CREDIT CARD,N/A,,CSV_DIRTY_CAFE_SALES,,,,,,,,False,False,['data_ausente']
TXN_5757196,JUICE,5,3.00,15.00,N/A,IN-STORE,,CSV_DIRTY_CAFE_SALES,,,,,,,,False,False,['data_ausente']
TXN_8549341,CAKE,5,3.00,15.00,CASH,TAKEAWAY,,CSV_DIRTY_CAFE_SALES,,,,,,,,False,False,['data_ausente']
TXN_5923474,CAKE,4,3.00,12.00,N/A,IN-STORE,,CSV_DIRTY_CAFE_SALES,,,,,,,,False,False,['data_ausente']
TXN_8076449,JUICE,3,3.00,9.00,N/A,TAKEAWAY,,CSV_DIRTY_CAFE_SALES,,,,,,,,False,False,['data_ausente']
TXN_5992635,COFFEE,4,2.00,8.00,DIGITAL WALLET,TAKEAWAY,,CSV_DIRTY_CAFE_SALES,,,,,,,,False,False,['data_ausente']
TXN_1309653,SALAD,2,5.00,10.00,CASH,IN-STORE,,CSV_DIRTY_CAFE_SALES,,,,,,,,False,False,['data_ausente']
TXN_9041473,SMOOTHIE,2,4.00,8.00,DIGITAL WALLET,N/A,,CSV_DIRTY_CAFE_SALES,,,,,,,,False,False,['data_ausente']
TXN_1102876,COOKIE,1,1.00,1.00,CASH,N/A,,CSV_DIRTY_CAFE_SALES,,,,,,,,False,False,['data_ausente']
TXN_7854162,CAKE,5,3.00,15.00,DIGITAL WALLET,N/A,,CSV_DIRTY_CAFE_SALES,,,,,,,,False,False,['data_ausente']
TXN_8235042,N/A,1,4.00,4.00,CREDIT CARD,N/A,,CSV_DIRTY_CAFE_SALES,,,,,,,,False,False,['data_ausente']
TXN_1547555,SMOOTHIE,3,4.00,12.00,N/A,TAKEAWAY,,CSV_DIRTY_CAFE_SALES,,,,,,,,False,False,['data_ausente']
TXN_3307518,JUICE,5,3.00,15.00,CASH,TAKEAWAY,,CSV_DIRTY_CAFE_SALES,,,,,,,,False,False,['data_ausente']
TXN_2107161,COOKIE,4,1.00,4.00,CREDIT CARD,N/A,,CSV_DIRTY_CAFE_SALES,,,,,,,,False,False,['data_ausente']
TXN_6901094,SALAD,1,5.00,5.00,CASH,IN-STORE,,CSV_DIRTY_CAFE_SALES,,,,,,,,False,False,['data_ausente']
TXN_2111973,TEA,4,1.50,6.00,DIGITAL WALLET,IN-STORE,,CSV_DIRTY_CAFE_SALES,,,,,,,,False,False,['data_ausente']
TXN_9349471,COFFEE,3,2.00,6.00,DIGITAL WALLET,N/A,,CSV_DIRTY_CAFE_SALES,,,,,,,,False,False,['data_ausente']
TXN_1687822,SALAD,4,5.00,20.00,CREDIT CARD,TAKEAWAY,,CSV_DIRTY_CAFE_SALES,,,,,,,,False,False,['data_ausente']
TXN_7988991,TEA,4,1.50,6.00,DIGITAL WALLET,IN-STORE,,CSV_DIRTY_CAFE_SALES,,,,,,,,False,False,['data_ausente']
TXN_3930313,COOKIE,3,1.00,3.00,CREDIT CARD,TAKEAWAY,,CSV_DIRTY_CAFE_SALES,,,,,,,,False,False,['data_ausente']
TXN_1983705,N/A,3,3.00,9.00,CASH,TAKEAWAY,,CSV_DIRTY_CAFE_SALES,,,,,,,,False,False,['data_ausente']
TXN_1141405,COOKIE,1,1.00,1.00,N/A,N/A,,CSV_DIRTY_CAFE_SALES,,,,,,,,False,False,['data_ausente']
TXN_5728193,SANDWICH,1,4.00,4.00,CREDIT CARD,IN-STORE,,CSV_DIRTY_CAFE_SALES,,,,,,,,False,False,['data_ausente']
TXN_5289658,SMOOTHIE,2,4.00,8.00,DIGITAL WALLET,TAKEAWAY,,CSV_DIRTY_CAFE_SALES,,,,,,,,False,False,['data_ausente']
TXN_9190025,TEA,4,1.50,6.00,DIGITAL WALLET,N/A,,CSV_DIRTY_CAFE_SALES,,,,,,,,False,False,['data_ausente']
TXN_9239309,SALAD,4,5.00,20.00,N/A,N/A,,CSV_DIRTY_CAFE_SALES,,,,,,,,False,False,['data_ausente']
TXN_4417326,SANDWICH,3,4.00,12.00,DIGITAL WALLET,N/A,,CSV_DIRTY_CAFE_SALES,,,,,,,,False,False,['data_ausente']
TXN_1103495,JUICE,1,3.00,3.00,CASH,TAKEAWAY,,CSV_DIRTY_CAFE_SALES,,,,,,,,False,False,['data_ausente']
TXN_5742202,SALAD,2,5.00,10.00,CASH,TAKEAWAY,,CSV_DIRTY_CAFE_SALES,,,,,,,,False,False,['data_ausente']
TXN_1827937,COFFEE,1,2.00,2.00,N/A,TAKEAWAY,,CSV_DIRTY_CAFE_SALES,,,,,,,,False,False,['data_ausente']
TXN_2496249,JUICE,4,3.00,12.00,CASH,TAKEAWAY,,CSV_DIRTY_CAFE_SALES,,,,,,,,False,False,['data_ausente']
TXN_8899417,N/A,3,5.00,15.00,DIGITAL WALLET,N/A,,CSV_DIRTY_CAFE_SALES,,,,,,,,False,False,['data_ausente']
TXN_1307428,N/A,4,1.50,6.00,CREDIT CARD,N/A,,CSV_DIRTY_CAFE_SALES,,,,,,,,False,False,['data_ausente']
TXN_3099819,N/A,4,2.00,8.00,DIGITAL WALLET,TAKEAWAY,,CSV_DIRTY_CAFE_SALES,,,,,,,,False,False,['data_ausente']
TXN_4854751,N/A,3,5.00,15.00,CREDIT CARD,N/A,,CSV_DIRTY_CAFE_SALES,,,,,,,,False,False,['data_ausente']
TXN_2921765,TEA,2,1.50,3.00,CREDIT CARD,TAKEAWAY,,CSV_DIRTY_CAFE_SALES,,,,,,,,False,False,['data_ausente']
TXN_7653452,SANDWICH,1,4.00,4.00,CREDIT CARD,N/A,,CSV_DIRTY_CAFE_SALES,,,,,,,,False,False,['data_ausente']
TXN_1732639,COOKIE,4,1.00,4.00,N/A,IN-STORE,,CSV_DIRTY_CAFE_SALES,,,,,,,,False,False,['data_ausente']
TXN_7971761,SALAD,1,5.00,5.00,CREDIT CARD,IN-STORE,,CSV_DIRTY_CAFE_SALES,,,,,,,,False,False,['data_ausente']
TXN_7132021,SMOOTHIE,2,4.00,8.00,CREDIT CARD,IN-STORE,,CSV_DIRTY_CAFE_SALES,,,,,,,,False,False,['data_ausente']
TXN_9329112,SMOOTHIE,3,4.00,12.00,N/A,N/A,,CSV_DIRTY_CAFE_SALES,,,,,,,,False,False,['data_ausente']
TXN_1708928,SMOOTHIE,1,4.00,4.00,N/A,N/A,,CSV_DIRTY_CAFE_SALES,,,,,,,,False,False,['data_ausente']
TXN_2352685,COOKIE,1,1.00,1.00,CASH,TAKEAWAY,,CSV_DIRTY_CAFE_SALES,,,,,,,,False,False,['data_ausente']
TXN_8743142,COOKIE,1,1.00,1.00,DIGITAL WALLET,IN-STORE,,CSV_DIRTY_CAFE_SALES,,,,,,,,False,False,['data_ausente']
TXN_1929109,SANDWICH,5,4.00,20.00,N/A,N/A,,CSV_DIRTY_CAFE_SALES,,,,,,,,False,False,['data_ausente']
TXN_8126049,SANDWICH,3,4.00,12.00,N/A,N/A,,CSV_DIRTY_CAFE_SALES,,,,,,,,False,False,['data_ausente']
TXN_8434259,TEA,2,1.50,3.00,DIGITAL WALLET,N/A,,CSV_DIRTY_CAFE_SALES,,,,,,,,False,False,['data_ausente']
TXN_9719954,TEA,1,1.50,1.50,DIGITAL WALLET,N/A,,CSV_DIRTY_CAFE_SALES,,,,,,,,False,False,['data_ausente']
TXN_4070040,CAKE,1,3.00,3.00,N/A,N/A,,CSV_DIRTY_CAFE_SALES,,,,,,,,False,False,['data_ausente']
TXN_1454024,COOKIE,5,1.00,5.00,DIGITAL WALLET,N/A,,CSV_DIRTY_CAFE_SALES,,,,,,,,False,False,['data_ausente']
TXN_3147874,COOKIE,1,1.00,1.00,DIGITAL WALLET,TAKEAWAY,,CSV_DIRTY_CAFE_SALES,,,,,,,,False,False,['data_ausente']
TXN_9708632,COFFEE,5,2.00,10.00,N/A,IN-STORE,,CSV_DIRTY_CAFE_SALES,,,,,,,,False,False,['data_ausente']
TXN_6266187,TEA,5,1.50,7.50,CREDIT CARD,IN-STORE,,CSV_DIRTY_CAFE_SALES,,,,,,,,False,False,['data_ausente']
TXN_6563365,JUICE,,3.00,12.00,N/A,TAKEAWAY,,CSV_DIRTY_CAFE_SALES,,,,,,,,True,False,['data_ausente']
TXN_5556985,JUICE,3,3.00,9.00,DIGITAL WALLET,IN-STORE,,CSV_DIRTY_CAFE_SALES,,,,,,,,False,False,['data_ausente']
TXN_1621227,COFFEE,2,2.00,4.00,CASH,N/A,,CSV_DIRTY_CAFE_SALES,,,,,,,,False,False,['data_ausente']
TXN_4623468,COFFEE,5,2.00,10.00,CREDIT CARD,TAKEAWAY,,CSV_DIRTY_CAFE_SALES,,,,,,,,False,False,['data_ausente']
TXN_1037486,SALAD,5,5.00,25.00,DIGITAL WALLET,IN-STORE,,CSV_DIRTY_CAFE_SALES,,,,,,,,False,False,['data_ausente']
TXN_5492760,CAKE,2,3.00,6.00,N/A,TAKEAWAY,,CSV_DIRTY_CAFE_SALES,,,,,,,,False,False,['data_ausente']
TXN_9796122,SALAD,3,5.00,15.00,N/A,N/A,,CSV_DIRTY_CAFE_SALES,,,,,,,,False,False,['data_ausente']
TXN_4988100,COFFEE,1,2.00,2.00,DIGITAL WALLET,IN-STORE,,CSV_DIRTY_CAFE_SALES,,,,,,,,False,False,['data_ausente']
TXN_7845656,JUICE,3,3.00,9.00,CREDIT CARD,TAKEAWAY,,CSV_DIRTY_CAFE_SALES,,,,,,,,False,False,['data_ausente']
TXN_6567287,COOKIE,4,1.00,4.00,DIGITAL WALLET,TAKEAWAY,,CSV_DIRTY_CAFE_SALES,,,,,,,,False,False,['data_ausente']
TXN_2376870,N/A,5,4.00,20.00,DIGITAL WALLET,N/A,,CSV_DIRTY_CAFE_SALES,,,,,,,,False,False,['data_ausente']
TXN_2025634,N/A,1,4.00,4.00,N/A,N/A,,CSV_DIRTY_CAFE_SALES,,,,,,,,False,False,['data_ausente']
TXN_1108326,CAKE,2,3.00,6.00,N/A,TAKEAWAY,,CSV_DIRTY_CAFE_SALES,,,,,,,,False,False,['data_ausente']
TXN_5206046,SANDWICH,3,4.00,12.00,N/A,IN-STORE,,CSV_DIRTY_CAFE_SALES,,,,,,,,False,False,['data_ausente']
TXN_1465364,TEA,4,1.50,6.00,DIGITAL WALLET,IN-STORE,,CSV_DIRTY_CAFE_SALES,,,,,,,,False,False,['data_ausente']
TXN_3811655,SMOOTHIE,2,4.00,8.00,N/A,N/A,,CSV_DIRTY_CAFE_SALES,,,,,,,,False,False,['data_ausente']
TXN_8813052,TEA,4,1.50,6.00,N/A,IN-STORE,,CSV_DIRTY_CAFE_SALES,,,,,,,,False,False,['data_ausente']
TXN_5961027,CAKE,2,3.00,6.00,CASH,IN-STORE,,CSV_DIRTY_CAFE_SALES,,,,,,,,False,False,['data_ausente']
TXN_3660048,CAKE,1,,3.00,CREDIT CARD,N/A,,CSV_DIRTY_CAFE_SALES,,,,,,,,True,False,['data_ausente']
TXN_5811766,CAKE,5,,15.00,DIGITAL WALLET,IN-STORE,,CSV_DIRTY_CAFE_SALES,,,,,,,,True,False,['data_ausente']
TXN_3083412,COFFEE,5,,10.00,CREDIT CARD,IN-STORE,,CSV_DIRTY_CAFE_SALES,,,,,,,,True,False,['data_ausente']
TXN_7353685,SANDWICH,2,4.00,8.00,N/A,IN-STORE,,CSV_DIRTY_CAFE_SALES,,,,,,,,False,False,['data_ausente']
TXN_4978922,COOKIE,4,1.00,4.00,CASH,N/A,,CSV_DIRTY_CAFE_SALES,,,,,,,,False,False,['data_ausente']
TXN_7364110,COFFEE,5,2.00,10.00,CASH,N/A,,CSV_DIRTY_CAFE_SALES,,,,,,,,False,False,['data_ausente']
TXN_6332132,JUICE,3,3.00,9.00,N/A,TAKEAWAY,,CSV_DIRTY_CAFE_SALES,,,,,,,,False,False,['data_ausente']
TXN_4754723,COFFEE,2,2.00,4.00,CREDIT CARD,N/A,,CSV_DIRTY_CAFE_SALES,,,,,,,,False,False,['data_ausente']
TXN_8872715,COOKIE,2,1.00,2.00,DIGITAL WALLET,TAKEAWAY,,CSV_DIRTY_CAFE_SALES,,,,,,,,False,False,['data_ausente']
TXN_7470034,SMOOTHIE,5,4.00,20.00,DIGITAL WALLET,TAKEAWAY,,CSV_DIRTY_CAFE_SALES,,,,,,,,False,False,['data_ausente']
TXN_9705027,COOKIE,2,1.00,2.00,CASH,N/A,,CSV_DIRTY_CAFE_SALES,,,,,,,,False,False,['data_ausente']
TXN_5939783,COOKIE,2,1.00,2.00,N/A,TAKEAWAY,,CSV_DIRTY_CAFE_SALES,,,,,,,,False,False,['data_ausente']
TXN_2062604,COFFEE,2,2.00,4.00,CASH,IN-STORE,,CSV_DIRTY_CAFE_SALES,,,,,,,,False,False,['data_ausente']
TXN_9930357,JUICE,1,3.00,3.00,CREDIT CARD,N/A,,CSV_DIRTY_CAFE_SALES,,,,,,,,False,False,['data_ausente']
TXN_6901162,N/A,3,4.00,12.00,DIGITAL WALLET,IN-STORE,,CSV_DIRTY_CAFE_SALES,,,,,,,,False,False,['data_ausente']
TXN_9263959,COOKIE,,1.00,5.00,CASH,N/A,,CSV_DIRTY_CAFE_SALES,,,,,,,,True,False,['data_ausente']
TXN_2097987,SANDWICH,2,4.00,8.00,DIGITAL WALLET,IN-STORE,,CSV_DIRTY_CAFE_SALES,,,,,,,,False,False,['data_ausente']
TXN_7292662,SANDWICH,1,4.00,4.00,N/A,IN-STORE,,CSV_DIRTY_CAFE_SALES,,,,,,,,False,False,['data_ausente']
TXN_3660347,SMOOTHIE,5,4.00,20.00,N/A,IN-STORE,,CSV_DIRTY_CAFE_SALES,,,,,,,,False,False,['data_ausente']
TXN_7753584,COFFEE,4,2.00,8.00,N/A,TAKEAWAY,,CSV_DIRTY_CAFE_SALES,,,,,,,,False,False,['data_ausente']
TXN_5459138,SMOOTHIE,2,4.00,8.00,DIGITAL WALLET,IN-STORE,,CSV_DIRTY_CAFE_SALES,,,,,,,,False,False,['data_ausente']
TXN_1166001,N/A,,3.00,15.00,CASH,N/A,,CSV_DIRTY_CAFE_SALES,,,,,,,,True,False,['data_ausente']
TXN_2354774,COFFEE,5,2.00,10.00,N/A,IN-STORE,,CSV_DIRTY_CAFE_SALES,,,,,,,,False,False,['data_ausente']
TXN_4921791,SALAD,4,5.00,20.00,CREDIT CARD,N/A,,CSV_DIRTY_CAFE_SALES,,,,,,,,False,False,['data_ausente']
TXN_3692789,SANDWICH,,4.00,8.00,CREDIT CARD,N/A,,CSV_DIRTY_CAFE_SALES,,,,,,,,True,False,['data_ausente']
TXN_4962500,JUICE,5,3.00,15.00,N/A,TAKEAWAY,,CSV_DIRTY_CAFE_SALES,,,,,,,,False,False,['data_ausente']
TXN_4003831,COOKIE,1,1.00,1.00,CREDIT CARD,N/A,,CSV_DIRTY_CAFE_SALES,,,,,,,,False,False,['data_ausente']
TXN_9877722,SANDWICH,5,4.00,20.00,DIGITAL WALLET,IN-STORE,,CSV_DIRTY_CAFE_SALES,,,,,,,,False,False,['data_ausente']
TXN_4255580,N/A,1,,3.00,CASH,N/A,,CSV_DIRTY_CAFE_SALES,,,,,,,,True,False,['data_ausente']
TXN_1526920,SANDWICH,5,4.00,20.00,DIGITAL WALLET,TAKEAWAY,,CSV_DIRTY_CAFE_SALES,,,,,,,,False,False,['data_ausente']
TXN_9663941,JUICE,4,3.00,12.00,CASH,IN-STORE,,CSV_DIRTY_CAFE_SALES,,,,,,,,False,False,['data_ausente']
TXN_4635386,TEA,1,1.50,1.50,CREDIT CARD,TAKEAWAY,,CSV_DIRTY_CAFE_SALES,,,,,,,,False,False,['data_ausente']
TXN_9055374,SANDWICH,1,4.00,4.00,N/A,TAKEAWAY,,CSV_DIRTY_CAFE_SALES,,,,,,,,False,False,['data_ausente']
TXN_1637131,N/A,4,,6.00,CASH,N/A,,CSV_DIRTY_CAFE_SALES,,,,,,,,True,False,['data_ausente']
TXN_1852436,JUICE,4,,12.00,N/A,N/A,,CSV_DIRTY_CAFE_SALES,,,,,,,,True,False,['data_ausente']
TXN_2532563,SALAD,4,5.00,20.00,N/A,TAKEAWAY,,CSV_DIRTY_CAFE_SALES,,,,,,,,False,False,['data_ausente']
TXN_3674876,SMOOTHIE,5,4.00,20.00,CASH,TAKEAWAY,,CSV_DIRTY_CAFE_SALES,,,,,,,,False,False,['data_ausente']
TXN_2249212,CAKE,2,3.00,6.00,N/A,N/A,,CSV_DIRTY_CAFE_SALES,,,,,,,,False,False,['data_ausente']
TXN_7915173,N/A,3,1.00,3.00,CASH,TAKEAWAY,,CSV_DIRTY_CAFE_SALES,,,,,,,,False,False,['data_ausente']
TXN_4569448,N/A,1,3.00,3.00,N/A,N/A,,CSV_DIRTY_CAFE_SALES,,,,,,,,False,False,['data_ausente']
TXN_2827259,TEA,3,1.50,4.50,CREDIT CARD,TAKEAWAY,,CSV_DIRTY_CAFE_SALES,,,,,,,,False,False,['data_ausente']
TXN_8801160,SALAD,2,5.00,10.00,CASH,IN-STORE,,CSV_DIRTY_CAFE_SALES,,,,,,,,False,False,['data_ausente']
TXN_6762311,JUICE,1,3.00,3.00,CREDIT CARD,TAKEAWAY,,CSV_DIRTY_CAFE_SALES,,,,,,,,False,False,['data_ausente']
TXN_3787941,TEA,2,1.50,3.00,N/A,N/A,,CSV_DIRTY_CAFE_SALES,,,,,,,,False,False,['data_ausente']
TXN_8588758,SANDWICH,4,4.00,16.00,CREDIT CARD,IN-STORE,,CSV_DIRTY_CAFE_SALES,,,,,,,,False,False,['data_ausente']
TXN_1688292,N/A,3,,9.00,CREDIT CARD,IN-STORE,,CSV_DIRTY_CAFE_SALES,,,,,,,,True,False,['data_ausente']
TXN_7390866,TEA,5,1.50,7.50,N/A,TAKEAWAY,,CSV_DIRTY_CAFE_SALES,,,,,,,,False,False,['data_ausente']
TXN_9686177,CAKE,3,3.00,9.00,N/A,IN-STORE,,CSV_DIRTY_CAFE_SALES,,,,,,,,False,False,['data_ausente']
TXN_5536245,SMOOTHIE,4,4.00,16.00,CASH,N/A,,CSV_DIRTY_CAFE_SALES,,,,,,,,False,False,['data_ausente']
TXN_6744733,SANDWICH,1,4.00,4.00,CASH,TAKEAWAY,,CSV_DIRTY_CAFE_SALES,,,,,,,,False,False,['data_ausente']
TXN_1964893,SMOOTHIE,1,4.00,4.00,N/A,N/A,,CSV_DIRTY_CAFE_SALES,,,,,,,,False,False,['data_ausente']
TXN_4659954,N/A,3,4.00,12.00,CREDIT CARD,IN-STORE,,CSV_DIRTY_CAFE_SALES,,,,,,,,False,False,['data_ausente']
TXN_8104914,COOKIE,1,1.00,1.00,N/A,TAKEAWAY,,CSV_DIRTY_CAFE_SALES,,,,,,,,False,False,['data_ausente']
TXN_8344810,SMOOTHIE,2,4.00,8.00,N/A,N/A,,CSV_DIRTY_CAFE_SALES,,,,,,,,False,False,['data_ausente']
TXN_9460419,CAKE,1,3.00,3.00,N/A,TAKEAWAY,,CSV_DIRTY_CAFE_SALES,,,,,,,,False,False,['data_ausente']
TXN_8253472,CAKE,1,3.00,3.00,N/A,N/A,,CSV_DIRTY_CAFE_SALES,,,,,,,,False,False,['data_ausente']
TXN_3130865,JUICE,3,3.00,9.00,N/A,IN-STORE,,CSV_DIRTY_CAFE_SALES,,,,,,,,False,False,['data_ausente']
TXN_9226047,SMOOTHIE,3,4.00,12.00,CASH,N/A,,CSV_DIRTY_CAFE_SALES,,,,,,,,False,False,['data_ausente']
TXN_9594133,CAKE,5,3.00,15.00,N/A,N/A,,CSV_DIRTY_CAFE_SALES,,,,,,,,False,False,['data_ausente']
